qaccver,saccver,stitle,pident,length,mismatch,gapopen,qstart,qend,sstart,send
asv000004,BS227,BS227,99.763,422,1,0,1,422,251,672
asv000004,BS195a,BS195a,99.763,422,1,0,1,422,251,672
asv000004,BS101,BS101,99.763,422,1,0,1,422,251,672
asv000004,BS217,BS217,99.763,422,1,0,1,422,251,672
asv000004,BS195B,BS195B,99.763,422,1,0,1,422,253,674
asv000004,BS166,BS166,99.763,422,1,0,1,422,253,674
asv000004,BS089,BS089,99.763,422,1,0,1,422,251,672
asv000004,BR163,BR163,99.763,422,1,0,1,422,253,674
asv000004,BR111,BR111,99.763,422,1,0,1,422,250,671
asv000004,BR104,BR104,99.763,422,1,0,1,422,260,681
asv000004,BR097,BR097,99.763,422,1,0,1,422,253,674
asv000004,BR048,BR048,99.763,422,1,0,1,422,249,670
asv000004,BL087,BL087,99.763,422,1,0,1,422,251,672
asv000004,AS136,AS136,99.763,422,1,0,1,422,254,675
asv000004,AS113,AS113,99.763,422,1,0,1,422,252,673
asv000004,AS111,AS111,99.763,422,1,0,1,422,253,674
asv000004,AS104,AS104,99.763,422,1,0,1,422,253,674
asv000004,AS099,AS099,99.763,422,1,0,1,422,250,671
asv000004,AS076,AS076,99.763,422,1,0,1,422,253,674
asv000004,AS073,AS073,99.763,422,1,0,1,422,260,681
asv000004,AS041,AS041,99.763,422,1,0,1,422,253,674
asv000004,AS037,AS037,99.763,422,1,0,1,422,253,674
asv000004,AS032,AS032,99.763,422,1,0,1,422,251,672
asv000004,AS004,AS004,99.763,422,1,0,1,422,251,672
asv000004,AR083D,AR083D,99.763,422,1,0,1,422,251,672
asv000004,AR083C,AR083C,99.763,422,1,0,1,422,253,674
asv000004,AR072,AR072,99.763,422,1,0,1,422,254,675
asv000004,AR069,AR069,99.763,422,1,0,1,422,251,672
asv000004,AR064,AR064,99.763,422,1,0,1,422,252,673
asv000004,AR062,AR062,99.763,422,1,0,1,422,251,672
asv000004,AR036,AR036,99.763,422,1,0,1,422,252,673
asv000004,AR029,AR029,99.763,422,1,0,1,422,253,674
asv000004,AR027,AR027,99.763,422,1,0,1,422,250,671
asv000004,AR018,AR018,99.763,422,1,0,1,422,253,674
asv000004,AR013,AR013,99.763,422,1,0,1,422,253,674
asv000004,AR012,AR012,99.763,422,1,0,1,422,252,673
asv000004,BR070,BR070,99.763,422,1,0,1,422,276,697
asv000004,AR065,AR065,99.763,422,1,0,1,422,263,684
asv000004,BS220,BS220,99.763,422,1,0,1,422,251,672
asv000004,BS185,BS185,99.763,422,1,0,1,422,252,673
asv000004,BS093c,BS093c,99.763,422,1,0,1,422,250,671
asv000004,BS093b,BS093b,99.763,422,1,0,1,422,251,672
asv000004,BS086,BS086,99.763,422,1,0,1,422,251,672
asv000004,BR117,BR117,99.763,422,1,0,1,422,251,672
asv000004,AS131,AS131,99.763,422,1,0,1,422,251,672
asv000004,AS114,AS114,99.763,422,1,0,1,422,253,674
asv000004,AS078,AS078,99.763,422,1,0,1,422,251,672
asv000004,AS020,AS020,99.763,422,1,0,1,422,251,672
asv000004,AR109,AR109,99.763,422,1,0,1,422,252,673
asv000004,AR108,AR108,99.763,422,1,0,1,422,254,675
asv000004,AR003,AR003,99.763,422,1,0,1,422,251,672
asv000004,BS197b,BS197b,99.763,422,1,0,1,422,267,688
asv000004,BS188,BS188,99.763,422,1,0,1,422,265,686
asv000004,BS167,BS167,99.763,422,1,0,1,422,265,686
asv000004,BS112,BS112,99.763,422,1,0,1,422,275,696
asv000004,BS096,BS096,99.763,422,1,0,1,422,267,688
asv000004,BS090,BS090,99.763,422,1,0,1,422,262,683
asv000004,BS084,BS084,99.763,422,1,0,1,422,275,696
asv000004,BS082,BS082,99.763,422,1,0,1,422,278,699
asv000004,BS238,BS238,99.763,422,1,0,1,422,266,687
asv000004,BS226,BS226,99.763,422,1,0,1,422,267,688
asv000004,BS207,BS207,99.763,422,1,0,1,422,273,694
asv000004,BS205,BS205,99.763,422,1,0,1,422,278,699
asv000004,BS160,BS160,99.763,422,1,0,1,422,264,685
asv000004,BS159,BS159,99.763,422,1,0,1,422,262,683
asv000004,BS152,BS152,99.763,422,1,0,1,422,276,697
asv000004,BS149,BS149,99.763,422,1,0,1,422,276,697
asv000004,BS128,BS128,99.763,422,1,0,1,422,282,703
asv000004,BR079,BR079,99.763,422,1,0,1,422,276,697
asv000004,BR068,BR068,99.763,422,1,0,1,422,262,683
asv000004,BR061,BR061,99.763,422,1,0,1,422,259,680
asv000004,BR045,BR045,99.763,422,1,0,1,422,260,681
asv000004,BR044,BR044,99.763,422,1,0,1,422,264,685
asv000004,BR165,BR165,99.763,422,1,0,1,422,263,684
asv000004,BR164,BR164,99.763,422,1,0,1,422,276,697
asv000004,BR159,BR159,99.763,422,1,0,1,422,275,696
asv000004,BR143,BR143,99.763,422,1,0,1,422,268,689
asv000004,BR142,BR142,99.763,422,1,0,1,422,278,699
asv000004,BR132,BR132,99.763,422,1,0,1,422,276,697
asv000004,BL038,BL038,99.763,422,1,0,1,422,273,694
asv000004,AS079,AS079,99.763,422,1,0,1,422,262,683
asv000004,AS053,AS053,99.763,422,1,0,1,422,266,687
asv000004,AS002,AS002,99.763,422,1,0,1,422,267,688
asv000004,AS116,AS116,99.763,422,1,0,1,422,269,690
asv000004,AS115,AS115,99.763,422,1,0,1,422,276,697
asv000004,AR094,AR094,99.763,422,1,0,1,422,269,690
asv000004,AR091,AR091,99.763,422,1,0,1,422,262,683
asv000004,AR082,AR082,99.763,422,1,0,1,422,261,682
asv000004,AR006,AR006,99.763,422,1,0,1,422,275,696
asv000004,AR044,AR044,99.763,422,1,0,1,422,276,697
asv000004,AR033,AR033,99.763,422,1,0,1,422,278,699
asv000004,AR030,AR030,99.763,422,1,0,1,422,273,694
asv000004,AR019,AR019,99.763,422,1,0,1,422,273,694
asv000004,AR113,AR113,99.763,422,1,0,1,422,267,688
asv000004,AR101,AR101,99.763,422,1,0,1,422,278,699
asv000004,AL071,AL071,99.763,422,1,0,1,422,282,703
asv000004,AL045,AL045,99.763,422,1,0,1,422,269,690
asv000004,BS078,BS078,99.763,422,1,0,1,422,253,674
asv000004,BR113,BR113,99.763,422,1,0,1,422,277,698
asv000004,AS105,AS105,99.763,422,1,0,1,422,275,696
asv000004,AS098a,AS098a,99.763,422,1,0,1,422,273,694
asv000004,AS008,AS008,99.763,422,1,0,1,422,252,673
asv000004,AR124,AR124,99.763,422,1,0,1,422,251,672
asv000004,AR115,AR115,99.763,422,1,0,1,422,253,674
asv000004,AR085,AR085,99.763,422,1,0,1,422,252,673
asv000004,AR043,AR043,99.763,422,1,0,1,422,252,673
asv000004,AR038b,AR038b,99.763,422,1,0,1,422,263,684
asv000004,AL083,AL083,99.763,422,1,0,1,422,254,675
asv000004,BS211,BS211,99.763,422,1,0,1,422,276,697
asv000004,AS100,AS100,99.763,422,1,0,1,422,267,688
asv000004,AR092,AR092,99.763,422,1,0,1,422,277,698
asv000004,BR085,BR085,99.763,422,1,0,1,422,277,698
asv000004,BR074,BR074,99.763,422,1,0,1,422,261,682
asv000004,AS098b,AS098b,99.763,422,1,0,1,422,277,698
asv000004,AR050,AR050,99.763,422,1,0,1,422,277,698
asv000004,BS215a,BS215a,99.763,422,1,0,1,422,251,672
asv000004,BS202,BS202,99.763,422,1,0,1,422,251,672
asv000004,BS155,BS155,99.763,422,1,0,1,422,277,698
asv000004,BS093a,BS093a,99.763,422,1,0,1,422,252,673
asv000004,BR131,BR131,99.763,422,1,0,1,422,253,674
asv000004,AS121c,AS121c,99.763,422,1,0,1,422,276,697
asv000004,AS121a,AS121a,99.763,422,1,0,1,422,251,672
asv000004,AS014,AS014,99.763,422,1,0,1,422,251,672
asv000004,AS007,AS007,99.763,422,1,0,1,422,259,680
asv000004,AR092b,AR092b,99.763,422,1,0,1,422,252,673
asv000004,AR083b,AR083b,99.763,422,1,0,1,422,251,672
asv000004,AR015,AR015,99.763,422,1,0,1,422,251,672
asv000004,AR004,AR004,99.763,422,1,0,1,422,260,681
asv000004,AL074,AL074,99.763,422,1,0,1,422,251,672
asv000047,BR014A,BR014A,100.000,414,0,0,1,414,250,663
asv000047,BS236,BS236,100.000,414,0,0,1,414,250,663
asv000047,BS222,BS222,100.000,414,0,0,1,414,201,614
asv000047,BS177,BS177,100.000,414,0,0,1,414,248,661
asv000047,BS139,BS139,100.000,414,0,0,1,414,249,662
asv000047,BS200,BS200,100.000,414,0,0,1,414,272,685
asv000047,BS232,BS232,100.000,414,0,0,1,414,250,663
asv000047,BR066,BR066,100.000,414,0,0,1,414,275,688
asv000047,BS199,BS199,100.000,414,0,0,1,414,248,661
asv000047,BS150,BS150,100.000,414,0,0,1,414,245,658
asv000047,BL096,BL096,100.000,414,0,0,1,414,249,662
asv000047,BL074,BL074,100.000,414,0,0,1,414,248,661
asv000047,AS035,AS035,100.000,414,0,0,1,414,269,682
asv000047,AS001,AS001,100.000,414,0,0,1,414,266,679
asv000047,AR039,AR039,100.000,414,0,0,1,414,269,682
asv000047,AS013,AS013,100.000,414,0,0,1,414,270,683
asv000049,BR101,BR101,100.000,413,0,0,1,413,253,665
asv000049,BR010,BR010,100.000,413,0,0,1,413,252,664
asv000049,BS192,BS192,100.000,413,0,0,1,413,249,661
asv000049,BS181,BS181,100.000,413,0,0,1,413,256,668
asv000049,AR150,AR150,100.000,413,0,0,1,413,270,682
asv000049,BR122,BR122,99.758,413,1,0,1,413,272,684
asv000051,BS130,BS130,100.000,415,0,0,1,415,273,687
asv000051,BS119,BS119,100.000,415,0,0,1,415,273,687
asv000051,AS044,AS044,99.759,415,1,0,1,415,270,684
asv000051,AR060,AR060,99.759,415,1,0,1,415,199,613
asv000051,BR138,BR138,99.759,415,1,0,1,415,271,685
asv000051,AS176,AS176,99.759,415,1,0,1,415,247,661
asv000051,AS063,AS063,99.759,415,1,0,1,415,249,663
asv000051,AS062,AS062,99.759,415,1,0,1,415,262,676
asv000051,BR154,BR154,99.759,415,1,0,1,415,271,685
asv000051,AR071,AR071,99.759,415,1,0,1,415,256,670
asv000051,AR168,AR168,99.759,415,1,0,1,415,249,663
asv000051,AR125,AR125,99.759,415,1,0,1,415,249,663
asv000051,AR088,AR088,99.759,415,1,0,1,415,261,675
asv000052,BR014A,BR014A,99.758,414,1,0,1,414,250,663
asv000052,BS236,BS236,99.758,414,1,0,1,414,250,663
asv000052,BS222,BS222,99.758,414,1,0,1,414,201,614
asv000052,BS177,BS177,99.758,414,1,0,1,414,248,661
asv000052,BS139,BS139,99.758,414,1,0,1,414,249,662
asv000052,BS200,BS200,99.758,414,1,0,1,414,272,685
asv000052,BS232,BS232,99.758,414,1,0,1,414,250,663
asv000052,BR066,BR066,99.758,414,1,0,1,414,275,688
asv000052,BS199,BS199,99.758,414,1,0,1,414,248,661
asv000052,BS150,BS150,99.758,414,1,0,1,414,245,658
asv000052,BL096,BL096,99.758,414,1,0,1,414,249,662
asv000052,BL074,BL074,99.758,414,1,0,1,414,248,661
asv000052,AS035,AS035,99.758,414,1,0,1,414,269,682
asv000052,AS001,AS001,99.758,414,1,0,1,414,266,679
asv000052,AR039,AR039,99.758,414,1,0,1,414,269,682
asv000052,AS013,AS013,99.758,414,1,0,1,414,270,683
asv000054,BR101,BR101,99.758,413,1,0,1,413,253,665
asv000054,BR010,BR010,99.758,413,1,0,1,413,252,664
asv000054,BS192,BS192,99.758,413,1,0,1,413,249,661
asv000054,BS181,BS181,99.758,413,1,0,1,413,256,668
asv000054,AR150,AR150,99.758,413,1,0,1,413,270,682
asv000062,BS130,BS130,99.759,415,1,0,1,415,273,687
asv000062,BS119,BS119,99.759,415,1,0,1,415,273,687
asv000068,AS029,AS029,100.000,416,0,0,1,416,246,661
asv000068,BR107,BR107,100.000,416,0,0,1,416,251,666
asv000068,BL049,BL049,100.000,416,0,0,1,416,248,663
asv000068,BS196,BS196,100.000,416,0,0,1,416,248,663
asv000068,AS040,AS040,100.000,416,0,0,1,416,275,690
asv000068,AS022,AS022,100.000,416,0,0,1,416,257,672
asv000068,AR057,AR057,100.000,416,0,0,1,416,274,689
asv000068,AR042,AR042,100.000,416,0,0,1,416,251,666
asv000068,AR005,AR005,100.000,416,0,0,1,416,255,670
asv000068,AR002,AR002,100.000,416,0,0,1,416,272,687
asv000068,AR001,AR001,100.000,416,0,0,1,416,260,675
asv000068,BR098,BR098,99.760,416,1,0,1,416,252,667
asv000068,BS180,BS180,99.760,416,1,0,1,416,249,664
asv000068,AR037,AR037,99.760,416,1,0,1,416,273,688
asv000068,AL004,AL004,99.760,416,1,0,1,416,250,665
asv000068,BR134,BR134,99.760,416,1,0,1,416,273,688
asv000068,AR055,AR055,99.760,416,1,0,1,416,250,665
asv000068,AR206,AR206,99.760,416,1,0,1,416,1329,1744
asv000070,BS132,BS132,100.000,416,0,0,1,416,199,614
asv000071,AS029,AS029,99.760,416,1,0,1,416,246,661
asv000071,BR107,BR107,99.760,416,1,0,1,416,251,666
asv000071,BL049,BL049,99.760,416,1,0,1,416,248,663
asv000071,BS196,BS196,99.760,416,1,0,1,416,248,663
asv000071,AS040,AS040,99.760,416,1,0,1,416,275,690
asv000071,AS022,AS022,99.760,416,1,0,1,416,257,672
asv000071,AR057,AR057,99.760,416,1,0,1,416,274,689
asv000071,AR042,AR042,99.760,416,1,0,1,416,251,666
asv000071,AR005,AR005,99.760,416,1,0,1,416,255,670
asv000071,AR002,AR002,99.760,416,1,0,1,416,272,687
asv000071,AR001,AR001,99.760,416,1,0,1,416,260,675
asv000072,BS132,BS132,99.760,416,1,0,1,416,199,614
asv000077,BS180,BS180,100.000,416,0,0,1,416,249,664
asv000077,AR037,AR037,100.000,416,0,0,1,416,273,688
asv000077,AL004,AL004,100.000,416,0,0,1,416,250,665
asv000077,BR134,BR134,100.000,416,0,0,1,416,273,688
asv000077,AR055,AR055,100.000,416,0,0,1,416,250,665
asv000077,AR206,AR206,100.000,416,0,0,1,416,1329,1744
asv000077,AR025,AR025,99.760,416,1,0,1,416,214,629
asv000077,AS029,AS029,99.760,416,1,0,1,416,246,661
asv000077,BR107,BR107,99.760,416,1,0,1,416,251,666
asv000077,BL049,BL049,99.760,416,1,0,1,416,248,663
asv000077,BS196,BS196,99.760,416,1,0,1,416,248,663
asv000077,AS040,AS040,99.760,416,1,0,1,416,275,690
asv000077,AS022,AS022,99.760,416,1,0,1,416,257,672
asv000077,AR057,AR057,99.760,416,1,0,1,416,274,689
asv000077,AR042,AR042,99.760,416,1,0,1,416,251,666
asv000077,AR005,AR005,99.760,416,1,0,1,416,255,670
asv000077,AR002,AR002,99.760,416,1,0,1,416,272,687
asv000077,AR001,AR001,99.760,416,1,0,1,416,260,675
asv000086,AS085,AS085,100.000,413,0,0,1,413,248,660
asv000086,BR157,BR157,100.000,413,0,0,1,413,250,662
asv000086,AS050,AS050,100.000,413,0,0,1,413,250,662
asv000086,AR097,AR097,100.000,413,0,0,1,413,248,660
asv000086,AR017,AR017,99.758,413,1,0,1,413,260,672
asv000089,BS180,BS180,99.760,416,1,0,1,416,249,664
asv000089,AR037,AR037,99.760,416,1,0,1,416,273,688
asv000089,AL004,AL004,99.760,416,1,0,1,416,250,665
asv000089,BR134,BR134,99.760,416,1,0,1,416,273,688
asv000089,AR055,AR055,99.760,416,1,0,1,416,250,665
asv000089,AR206,AR206,99.760,416,1,0,1,416,1329,1744
asv000093,AS085,AS085,99.758,413,1,0,1,413,248,660
asv000093,BR157,BR157,99.758,413,1,0,1,413,250,662
asv000093,AS050,AS050,99.758,413,1,0,1,413,250,662
asv000093,AR097,AR097,99.758,413,1,0,1,413,248,660
asv000134,BS107,BS107,100.000,416,0,0,1,416,252,667
asv000144,BS107,BS107,99.760,416,1,0,1,416,252,667
asv000149,BS213,BS213,99.762,421,1,0,1,421,257,677
asv000149,AS112,AS112,99.762,421,1,0,1,421,263,683
asv000149,BL040B,BL040B,99.762,421,1,0,1,421,256,676
asv000149,BL040A,BL040A,99.762,421,1,0,1,421,255,675
asv000149,AS118,AS118,99.762,421,1,0,1,421,254,674
asv000149,AS097,AS097,99.762,421,1,0,1,421,256,676
asv000149,AR020,AR020,99.762,421,1,0,1,421,249,669
asv000149,BR092a,BR092a,99.762,421,1,0,1,421,254,674
asv000149,BR092b,BR092b,99.762,421,1,0,1,421,280,700
asv000149,BS234,BS234,99.762,421,1,0,1,421,266,686
asv000149,BS145,BS145,99.762,421,1,0,1,421,271,691
asv000149,BR060,BR060,99.762,421,1,0,1,421,265,685
asv000149,BR114,BR114,99.762,421,1,0,1,421,282,702
asv000149,AL067,AL067,99.762,421,1,0,1,421,278,698
asv000149,BR057,BR057,99.762,421,1,0,1,421,253,673
asv000149,BR051,BR051,99.762,421,1,0,1,421,279,699
asv000149,BS214,BS214,99.762,421,1,0,1,421,262,682
asv000149,AR170,AR170,99.762,421,1,0,1,421,263,683
asv000216,BS079,BS079,100.000,416,0,0,1,416,256,671
asv000216,BS179,BS179,100.000,416,0,0,1,416,274,689
asv000216,BS187,BS187,100.000,416,0,0,1,416,276,691
asv000216,AR095,AR095,100.000,416,0,0,1,416,250,665
asv000216,BS106,BS106,99.760,416,1,0,1,416,203,618
asv000216,BS105,BS105,99.760,416,1,0,1,416,251,666
asv000216,BS144,BS144,99.760,416,1,0,1,416,253,668
asv000216,BR130,BR130,99.760,416,1,0,1,416,278,693
asv000216,AL076,AL076,99.760,416,1,0,1,416,256,671
asv000244,AS146,AS146,100.000,416,0,0,1,416,269,684
asv000245,BS079,BS079,99.760,416,1,0,1,416,256,671
asv000245,BS179,BS179,99.760,416,1,0,1,416,274,689
asv000245,BS187,BS187,99.760,416,1,0,1,416,276,691
asv000245,AR095,AR095,99.760,416,1,0,1,416,250,665
asv000248,BS184,BS184,99.762,421,1,0,1,421,253,673
asv000262,AS146,AS146,99.760,416,1,0,1,416,269,684
asv000285,BS132,BS132,99.760,416,1,0,1,416,199,614
asv000285,BS102,BS102,99.760,416,1,0,1,416,247,662
asv000300,AS044,AS044,99.759,415,1,0,1,415,270,684
asv000300,BS130,BS130,99.759,415,1,0,1,415,273,687
asv000300,BS119,BS119,99.759,415,1,0,1,415,273,687
asv000300,BR138,BR138,99.759,415,1,0,1,415,271,685
asv000300,AR071,AR071,99.759,415,1,0,1,415,256,670
asv000300,BR154,BR154,99.759,415,1,0,1,415,271,685
asv000300,AR168,AR168,99.759,415,1,0,1,415,249,663
asv000300,AR125,AR125,99.759,415,1,0,1,415,249,663
asv000300,AR088,AR088,99.759,415,1,0,1,415,261,675
asv000330,BS239,BS239,100.000,416,0,0,1,416,248,663
asv000330,AL025,AL025,100.000,416,0,0,1,416,276,691
asv000330,AL010,AL010,100.000,416,0,0,1,416,276,691
asv000330,AL040,AL040,100.000,416,0,0,1,416,272,687
asv000330,BS140,BS140,100.000,416,0,0,1,416,248,663
asv000330,BR077,BR077,100.000,416,0,0,1,416,254,669
asv000330,AR117,AR117,100.000,416,0,0,1,416,271,686
asv000330,AR149,AR149,99.760,416,1,0,1,416,271,686
asv000349,AS146,AS146,99.760,416,1,0,1,416,269,684
asv000372,BR121,BR121,100.000,416,0,0,1,416,249,664
asv000372,AR021,AR021,100.000,416,0,0,1,416,259,674
asv000374,BS239,BS239,99.760,416,1,0,1,416,248,663
asv000374,AL025,AL025,99.760,416,1,0,1,416,276,691
asv000374,AL010,AL010,99.760,416,1,0,1,416,276,691
asv000374,AL040,AL040,99.760,416,1,0,1,416,272,687
asv000374,BS140,BS140,99.760,416,1,0,1,416,248,663
asv000374,BR077,BR077,99.760,416,1,0,1,416,254,669
asv000374,AR117,AR117,99.760,416,1,0,1,416,271,686
asv000375,BS231,BS231,100.000,409,0,0,1,409,247,655
asv000375,BS103,BS103,100.000,409,0,0,1,409,274,682
asv000375,BR094,BR094,100.000,409,0,0,1,409,250,658
asv000375,BR144,BR144,100.000,409,0,0,1,409,250,658
asv000384,BR121,BR121,99.760,416,1,0,1,416,249,664
asv000384,AR021,AR021,99.760,416,1,0,1,416,259,674
asv000395,AS108,AS108,100.000,412,0,0,1,412,252,663
asv000395,BS088,BS088,100.000,412,0,0,1,412,261,672
asv000395,AR010,AR010,100.000,412,0,0,1,412,265,676
asv000395,AS010,AS010,100.000,412,0,0,1,412,260,671
asv000395,AR051,AR051,100.000,412,0,0,1,412,252,663
asv000395,AR046,AR046,100.000,412,0,0,1,412,215,626
asv000395,AS121b,AS121b,100.000,412,0,0,1,412,274,685
asv000395,AS106,AS106,100.000,412,0,0,1,412,274,685
asv000395,BR081,BR081,100.000,412,0,0,1,412,275,686
asv000428,AS108,AS108,99.757,412,1,0,1,412,252,663
asv000428,BS088,BS088,99.757,412,1,0,1,412,261,672
asv000428,AR010,AR010,99.757,412,1,0,1,412,265,676
asv000428,AS010,AS010,99.757,412,1,0,1,412,260,671
asv000428,AR051,AR051,99.757,412,1,0,1,412,252,663
asv000428,AR046,AR046,99.757,412,1,0,1,412,215,626
asv000428,AS121b,AS121b,99.757,412,1,0,1,412,274,685
asv000428,AS106,AS106,99.757,412,1,0,1,412,274,685
asv000428,BR081,BR081,99.757,412,1,0,1,412,275,686
asv000432,BS231,BS231,99.756,409,1,0,1,409,247,655
asv000432,BS103,BS103,99.756,409,1,0,1,409,274,682
asv000432,BR094,BR094,99.756,409,1,0,1,409,250,658
asv000432,BR144,BR144,99.756,409,1,0,1,409,250,658
asv000438,AL005,AL005,100.000,413,0,0,1,413,275,687
asv000438,BR133,BR133,100.000,413,0,0,1,413,250,662
asv000438,AR009,AR009,100.000,413,0,0,1,413,272,684
asv000438,BR112,BR112,100.000,413,0,0,1,413,274,686
asv000475,AS056,AS056,100.000,417,0,0,1,417,208,624
asv000475,AS006,AS006,100.000,417,0,0,1,417,266,682
asv000475,AR008,AR008,100.000,417,0,0,1,417,251,667
asv000475,BS071,BS071,99.760,417,1,0,1,417,251,667
asv000475,BR099,BR099,99.760,417,1,0,1,417,251,667
asv000475,BR015,BR015,99.760,417,1,0,1,417,246,662
asv000475,AS178,AS178,99.760,417,1,0,1,417,248,664
asv000475,AR179,AR179,99.760,417,1,0,1,417,249,665
asv000475,AR177,AR177,99.760,417,1,0,1,417,248,664
asv000476,AL005,AL005,99.758,413,1,0,1,413,275,687
asv000476,BR133,BR133,99.758,413,1,0,1,413,250,662
asv000476,AR009,AR009,99.758,413,1,0,1,413,272,684
asv000476,BR112,BR112,99.758,413,1,0,1,413,274,686
asv000509,BS132,BS132,99.760,416,1,0,1,416,199,614
asv000512,AR068,AR068,100.000,414,0,0,1,414,246,659
asv000512,AR093,AR093,100.000,414,0,0,1,414,246,659
asv000512,AR079,AR079,99.758,414,1,0,1,414,248,661
asv000512,AR078,AR078,99.758,414,1,0,1,414,253,666
asv000535,BL047b,BL047b,100.000,37,0,0,374,410,626,662
asv000535,BL047c,BL047c,100.000,37,0,0,374,410,636,672
asv000575,AR070,AR070,99.760,416,1,0,1,416,248,663
asv000575,AR066,AR066,99.760,416,1,0,1,416,273,688
asv000577,AR068,AR068,99.758,414,1,0,1,414,246,659
asv000577,AR093,AR093,99.758,414,1,0,1,414,246,659
asv000668,AS024,AS024,100.000,413,0,0,1,413,272,684
asv000668,AR076,AR076,100.000,413,0,0,1,413,275,687
asv000668,BR034,BR034,100.000,413,0,0,1,413,249,661
asv000668,AR144,AR144,100.000,413,0,0,1,413,271,683
asv000668,BS038,BS038,100.000,413,0,0,1,413,273,685
asv000668,BS037,BS037,100.000,413,0,0,1,413,273,685
asv000668,BS158,BS158,100.000,413,0,0,1,413,273,685
asv000668,AS182,AS182,100.000,413,0,0,1,413,273,685
asv000668,AS181,AS181,100.000,413,0,0,1,413,274,686
asv000668,BS061,BS061,100.000,413,0,0,1,413,272,684
asv000668,AS026,AS026,100.000,413,0,0,1,413,273,685
asv000668,AR190,AR190,100.000,413,0,0,1,413,250,662
asv000668,AR178,AR178,100.000,413,0,0,1,413,273,685
asv000668,AR176,AR176,100.000,413,0,0,1,413,247,659
asv000668,AR143,AR143,100.000,413,0,0,1,413,250,662
asv000668,AS027,AS027,99.758,413,1,0,1,413,275,687
asv000668,AS180,AS180,99.758,413,1,0,1,413,274,686
asv000668,AS093,AS093,99.758,413,1,0,1,413,274,686
asv000668,AR032,AR032,99.758,413,1,0,1,413,273,685
asv000668,BS240,BS240,99.758,413,1,0,1,413,268,680
asv000668,AS080,AS080,99.758,413,1,0,1,413,273,685
asv000668,AR201,AR201,99.758,413,1,0,1,413,248,660
asv000668,AR132,AR132,99.758,413,1,0,1,413,270,682
asv000670,BR109,BR109,100.000,409,0,0,1,409,273,681
asv000701,AR071,AR071,100.000,415,0,0,1,415,256,670
asv000701,AR168,AR168,100.000,415,0,0,1,415,249,663
asv000701,AR125,AR125,100.000,415,0,0,1,415,249,663
asv000701,AR088,AR088,100.000,415,0,0,1,415,261,675
asv000701,AS071,AS071,99.759,415,1,0,1,415,249,663
asv000701,AS044,AS044,99.759,415,1,0,1,415,270,684
asv000701,BR087,BR087,99.759,415,1,0,1,415,247,661
asv000701,BR078,BR078,99.759,415,1,0,1,415,247,661
asv000701,BR075,BR075,99.759,415,1,0,1,415,247,661
asv000701,BR138,BR138,99.759,415,1,0,1,415,271,685
asv000701,BR137,BR137,99.759,415,1,0,1,415,272,686
asv000701,BR135,BR135,99.759,415,1,0,1,415,271,685
asv000701,BR093,BR093,99.759,415,1,0,1,415,263,677
asv000701,BR154,BR154,99.759,415,1,0,1,415,271,685
asv000701,AR114,AR114,99.759,415,1,0,1,415,245,659
asv000701,BR058,BR058,99.759,415,1,0,1,415,271,685
asv000701,BS130,BS130,99.759,415,1,0,1,415,273,687
asv000701,BS119,BS119,99.759,415,1,0,1,415,273,687
asv000719,BR013,BR013,99.756,409,1,0,1,409,247,655
asv000729,AS024,AS024,99.758,413,1,0,1,413,272,684
asv000729,AR076,AR076,99.758,413,1,0,1,413,275,687
asv000729,BR034,BR034,99.758,413,1,0,1,413,249,661
asv000729,AR144,AR144,99.758,413,1,0,1,413,271,683
asv000729,BS038,BS038,99.758,413,1,0,1,413,273,685
asv000729,BS037,BS037,99.758,413,1,0,1,413,273,685
asv000729,BS158,BS158,99.758,413,1,0,1,413,273,685
asv000729,AS182,AS182,99.758,413,1,0,1,413,273,685
asv000729,AS181,AS181,99.758,413,1,0,1,413,274,686
asv000729,BS061,BS061,99.758,413,1,0,1,413,272,684
asv000729,AS026,AS026,99.758,413,1,0,1,413,273,685
asv000729,AR190,AR190,99.758,413,1,0,1,413,250,662
asv000729,AR178,AR178,99.758,413,1,0,1,413,273,685
asv000729,AR176,AR176,99.758,413,1,0,1,413,247,659
asv000729,AR143,AR143,99.758,413,1,0,1,413,250,662
asv000738,AR071,AR071,99.759,415,1,0,1,415,256,670
asv000738,AR168,AR168,99.759,415,1,0,1,415,249,663
asv000738,AR125,AR125,99.759,415,1,0,1,415,249,663
asv000738,AR088,AR088,99.759,415,1,0,1,415,261,675
asv000773,BR109,BR109,99.756,409,1,0,1,409,273,681
asv000843,AS123,AS123,100.000,416,0,0,1,416,266,681
asv000851,AS093,AS093,99.758,413,1,0,1,413,274,686
asv000851,AR201,AR201,99.758,413,1,0,1,413,248,660
asv000851,AR132,AR132,99.758,413,1,0,1,413,270,682
asv000915,AS123,AS123,99.760,416,1,0,1,416,266,681
asv000945,BS106,BS106,99.760,416,1,0,1,416,203,618
asv000945,BS105,BS105,99.760,416,1,0,1,416,251,666
asv000945,BS144,BS144,99.760,416,1,0,1,416,253,668
asv000945,BR130,BR130,99.760,416,1,0,1,416,278,693
asv000945,AL076,AL076,99.760,416,1,0,1,416,256,671
asv000945,BS079,BS079,99.760,416,1,0,1,416,256,671
asv000945,BS179,BS179,99.760,416,1,0,1,416,274,689
asv000945,BS187,BS187,99.760,416,1,0,1,416,276,691
asv000945,AR095,AR095,99.760,416,1,0,1,416,250,665
asv000965,BS172,BS172,100.000,41,0,0,375,415,621,661
asv001047,AR060,AR060,99.759,415,1,0,1,415,199,613
asv001047,AS176,AS176,99.759,415,1,0,1,415,247,661
asv001047,AS063,AS063,99.759,415,1,0,1,415,249,663
asv001047,AS062,AS062,99.759,415,1,0,1,415,262,676
asv001047,BR058,BR058,99.759,415,1,0,1,415,271,685
asv001047,BS130,BS130,99.759,415,1,0,1,415,273,687
asv001047,BS119,BS119,99.759,415,1,0,1,415,273,687
asv001066,AS146,AS146,99.760,416,1,0,1,416,269,684
asv001107,BL047b,BL047b,100.000,37,0,0,374,410,626,662
asv001107,BL047c,BL047c,100.000,37,0,0,374,410,636,672
asv001155,AS093,AS093,100.000,413,0,0,1,413,274,686
asv001155,AR201,AR201,100.000,413,0,0,1,413,248,660
asv001155,AR132,AR132,100.000,413,0,0,1,413,270,682
asv001155,AS024,AS024,99.758,413,1,0,1,413,272,684
asv001155,AR076,AR076,99.758,413,1,0,1,413,275,687
asv001155,BR034,BR034,99.758,413,1,0,1,413,249,661
asv001155,AR144,AR144,99.758,413,1,0,1,413,271,683
asv001155,BS038,BS038,99.758,413,1,0,1,413,273,685
asv001155,BS037,BS037,99.758,413,1,0,1,413,273,685
asv001155,BS158,BS158,99.758,413,1,0,1,413,273,685
asv001155,AS182,AS182,99.758,413,1,0,1,413,273,685
asv001155,AS181,AS181,99.758,413,1,0,1,413,274,686
asv001155,BS061,BS061,99.758,413,1,0,1,413,272,684
asv001155,AS026,AS026,99.758,413,1,0,1,413,273,685
asv001155,BS240,BS240,99.758,413,1,0,1,413,268,680
asv001155,AR190,AR190,99.758,413,1,0,1,413,250,662
asv001155,AR178,AR178,99.758,413,1,0,1,413,273,685
asv001155,AR176,AR176,99.758,413,1,0,1,413,247,659
asv001155,AR143,AR143,99.758,413,1,0,1,413,250,662
asv001170,BS180,BS180,99.760,416,1,0,1,416,249,664
asv001170,AR037,AR037,99.760,416,1,0,1,416,273,688
asv001170,AL004,AL004,99.760,416,1,0,1,416,250,665
asv001170,BR134,BR134,99.760,416,1,0,1,416,273,688
asv001170,AR055,AR055,99.760,416,1,0,1,416,250,665
asv001170,AR206,AR206,99.760,416,1,0,1,416,1329,1744
asv001190,BS131,BS131,99.758,414,1,0,1,414,249,662
asv001190,BS118,BS118,99.758,414,1,0,1,414,246,659
asv001190,AL091,AL091,99.758,414,1,0,1,414,268,681
asv001190,AL090,AL090,99.758,414,1,0,1,414,268,681
asv001190,BS146,BS146,99.758,414,1,0,1,414,274,687
asv001190,BL080,BL080,99.758,414,1,0,1,414,275,688
asv001190,BS134,BS134,99.758,414,1,0,1,414,275,688
asv001190,BR088,BR088,99.758,414,1,0,1,414,252,665
asv001190,BL052,BL052,99.758,414,1,0,1,414,248,661
asv001190,BL046,BL046,99.758,414,1,0,1,414,249,662
asv001190,AS096,AS096,99.758,414,1,0,1,414,275,688
asv001190,AS094,AS094,99.758,414,1,0,1,414,270,683
asv001190,AS132,AS132,99.758,414,1,0,1,414,253,666
asv001190,AS144,AS144,99.758,414,1,0,1,414,272,685
asv001190,AS021,AS021,99.758,414,1,0,1,414,273,686
asv001199,AR040,AR040,99.763,422,1,0,1,422,255,676
asv001199,AS048,AS048,99.763,422,1,0,1,422,253,674
asv001199,BS216c,BS216c,99.763,422,1,0,1,422,265,686
asv001199,BS216a,BS216a,99.763,422,1,0,1,422,275,696
asv001199,BS197a,BS197a,99.763,422,1,0,1,422,278,699
asv001199,AS005,AS005,99.763,422,1,0,1,422,269,690
asv001219,BS131,BS131,100.000,414,0,0,1,414,249,662
asv001219,BS118,BS118,100.000,414,0,0,1,414,246,659
asv001219,AL091,AL091,100.000,414,0,0,1,414,268,681
asv001219,AL090,AL090,100.000,414,0,0,1,414,268,681
asv001219,BS146,BS146,100.000,414,0,0,1,414,274,687
asv001219,BL080,BL080,100.000,414,0,0,1,414,275,688
asv001219,BS134,BS134,100.000,414,0,0,1,414,275,688
asv001219,BR088,BR088,100.000,414,0,0,1,414,252,665
asv001219,BL052,BL052,100.000,414,0,0,1,414,248,661
asv001219,BL046,BL046,100.000,414,0,0,1,414,249,662
asv001219,AS096,AS096,100.000,414,0,0,1,414,275,688
asv001219,AS094,AS094,100.000,414,0,0,1,414,270,683
asv001219,AS132,AS132,100.000,414,0,0,1,414,253,666
asv001219,AS144,AS144,100.000,414,0,0,1,414,272,685
asv001219,AS021,AS021,100.000,414,0,0,1,414,273,686
asv001219,BS133,BS133,99.758,414,1,0,1,414,243,656
asv001219,AS018,AS018,99.758,414,1,0,1,414,270,683
asv001226,AS093,AS093,99.758,413,1,0,1,413,274,686
asv001226,AR201,AR201,99.758,413,1,0,1,413,248,660
asv001226,AR132,AR132,99.758,413,1,0,1,413,270,682
asv001251,AS088,AS088,100.000,42,0,0,1,42,252,293
asv001277,AR098,AR098,99.758,414,1,0,1,414,246,659
asv001285,BS141,BS141,99.760,417,1,0,1,417,261,677
asv001318,AS088,AS088,100.000,42,0,0,1,42,252,293
asv001327,BR065,BR065,99.762,421,1,0,1,421,276,696
asv001328,BS132,BS132,99.760,416,1,0,1,416,199,614
asv001367,BR101,BR101,99.758,413,1,0,1,413,253,665
asv001367,BR010,BR010,99.758,413,1,0,1,413,252,664
asv001367,BS192,BS192,99.758,413,1,0,1,413,249,661
asv001367,BS181,BS181,99.758,413,1,0,1,413,256,668
asv001367,AL005,AL005,99.758,413,1,0,1,413,275,687
asv001367,BR133,BR133,99.758,413,1,0,1,413,250,662
asv001367,AR009,AR009,99.758,413,1,0,1,413,272,684
asv001367,BR112,BR112,99.758,413,1,0,1,413,274,686
asv001367,AR150,AR150,99.758,413,1,0,1,413,270,682
asv001455,AL038,AL038,100.000,41,0,0,375,415,585,625
asv001455,AR110,AR110,100.000,41,0,0,375,415,622,662
asv001631,BS115,BS115,99.763,422,1,0,1,422,277,698
asv001661,BL047b,BL047b,100.000,37,0,0,374,410,626,662
asv001661,BL047c,BL047c,100.000,37,0,0,374,410,636,672
asv001702,BR109,BR109,99.756,409,1,0,1,409,273,681
asv001839,BS237,BS237,99.760,417,1,0,1,417,275,691
asv001872,BL047a,BL047a,100.000,412,0,0,1,412,248,659
asv001872,AS133,AS133,100.000,412,0,0,1,412,275,686
asv001873,AS024,AS024,99.758,413,1,0,1,413,272,684
asv001873,AR076,AR076,99.758,413,1,0,1,413,275,687
asv001873,BR034,BR034,99.758,413,1,0,1,413,249,661
asv001873,AR144,AR144,99.758,413,1,0,1,413,271,683
asv001873,BS038,BS038,99.758,413,1,0,1,413,273,685
asv001873,BS037,BS037,99.758,413,1,0,1,413,273,685
asv001873,BS158,BS158,99.758,413,1,0,1,413,273,685
asv001873,AS182,AS182,99.758,413,1,0,1,413,273,685
asv001873,AS181,AS181,99.758,413,1,0,1,413,274,686
asv001873,BS061,BS061,99.758,413,1,0,1,413,272,684
asv001873,AS026,AS026,99.758,413,1,0,1,413,273,685
asv001873,AR190,AR190,99.758,413,1,0,1,413,250,662
asv001873,AR178,AR178,99.758,413,1,0,1,413,273,685
asv001873,AR176,AR176,99.758,413,1,0,1,413,247,659
asv001873,AR143,AR143,99.758,413,1,0,1,413,250,662
asv001884,BR013,BR013,100.000,409,0,0,1,409,247,655
asv001890,BL047a,BL047a,99.757,412,1,0,1,412,248,659
asv001890,AS133,AS133,99.757,412,1,0,1,412,275,686
asv001977,BS235,BS235,99.763,422,1,0,1,422,252,673
asv001980,AS025,AS025,100.000,41,0,0,375,415,567,607
asv002046,BS071,BS071,100.000,417,0,0,1,417,251,667
asv002046,BR099,BR099,100.000,417,0,0,1,417,251,667
asv002046,BR015,BR015,100.000,417,0,0,1,417,246,662
asv002046,AS178,AS178,100.000,417,0,0,1,417,248,664
asv002046,AR179,AR179,100.000,417,0,0,1,417,249,665
asv002046,AR177,AR177,100.000,417,0,0,1,417,248,664
asv002046,AS056,AS056,99.760,417,1,0,1,417,208,624
asv002046,AS006,AS006,99.760,417,1,0,1,417,266,682
asv002046,AR008,AR008,99.760,417,1,0,1,417,251,667
asv002067,BR013,BR013,99.756,409,1,0,1,409,247,655
asv002171,BL047b,BL047b,100.000,37,0,0,374,410,626,662
asv002171,BL047c,BL047c,100.000,37,0,0,374,410,636,672
asv002188,AL038,AL038,100.000,41,0,0,375,415,585,625
asv002188,AR110,AR110,100.000,41,0,0,375,415,622,662
asv002204,BS071,BS071,99.760,417,1,0,1,417,251,667
asv002204,BR099,BR099,99.760,417,1,0,1,417,251,667
asv002204,BR015,BR015,99.760,417,1,0,1,417,246,662
asv002204,AS178,AS178,99.760,417,1,0,1,417,248,664
asv002204,AR179,AR179,99.760,417,1,0,1,417,249,665
asv002204,AR177,AR177,99.760,417,1,0,1,417,248,664
asv002208,BS237,BS237,100.000,417,0,0,1,417,275,691
asv002231,BS027,BS027,100.000,414,0,0,1,414,247,660
asv002231,BS229,BS229,100.000,414,0,0,1,414,249,662
asv002231,BR012,BR012,100.000,414,0,0,1,414,250,663
asv002231,BR046,BR046,100.000,414,0,0,1,414,248,661
asv002231,AR203b,AR203b,100.000,414,0,0,1,414,249,662
asv002271,AS086,AS086,99.760,416,1,0,1,416,230,645
asv002271,AR067,AR067,99.760,416,1,0,1,416,231,646
asv002271,AL048,AL048,99.760,416,1,0,1,416,282,697
asv002271,AL043,AL043,99.760,416,1,0,1,416,282,697
asv002271,AL016,AL016,99.760,416,1,0,1,416,201,616
asv002271,AL006,AL006,99.760,416,1,0,1,416,282,697
asv002271,BS163,BS163,99.760,416,1,0,1,416,275,690
asv002271,BS110,BS110,99.760,416,1,0,1,416,275,690
asv002271,BR145,BR145,99.760,416,1,0,1,416,276,691
asv002271,AS011,AS011,99.760,416,1,0,1,416,277,692
asv002271,AR111,AR111,99.760,416,1,0,1,416,277,692
asv002271,BS203,BS203,99.760,416,1,0,1,416,251,666
asv002271,BS189,BS189,99.760,416,1,0,1,416,260,675
asv002271,BS143,BS143,99.760,416,1,0,1,416,249,664
asv002271,BR120,BR120,99.760,416,1,0,1,416,249,664
asv002271,BR103,BR103,99.760,416,1,0,1,416,243,658
asv002271,BR067,BR067,99.760,416,1,0,1,416,252,667
asv002271,BR128,BR128,99.760,416,1,0,1,416,249,664
asv002271,AS047,AS047,99.760,416,1,0,1,416,276,691
asv002271,AS038,AS038,99.760,416,1,0,1,416,272,687
asv002271,AS030,AS030,99.760,416,1,0,1,416,275,690
asv002271,AS019,AS019,99.760,416,1,0,1,416,277,692
asv002271,AR105,AR105,99.760,416,1,0,1,416,274,689
asv002271,AR049,AR049,99.760,416,1,0,1,416,251,666
asv002271,AR048,AR048,99.760,416,1,0,1,416,262,677
asv002271,BR155,BR155,99.760,416,1,0,1,416,276,691
asv002271,BR089,BR089,99.760,416,1,0,1,416,253,668
asv002271,AS095,AS095,99.760,416,1,0,1,416,251,666
asv002271,AS081,AS081,99.760,416,1,0,1,416,250,665
asv002271,AS077,AS077,99.760,416,1,0,1,416,251,666
asv002271,AS075,AS075,99.760,416,1,0,1,416,252,667
asv002271,AS015,AS015,99.760,416,1,0,1,416,251,666
asv002271,AS012,AS012,99.760,416,1,0,1,416,260,675
asv002271,AR103,AR103,99.760,416,1,0,1,416,248,663
asv002271,AR084,AR084,99.760,416,1,0,1,416,259,674
asv002303,BS133,BS133,100.000,41,0,0,375,415,616,656
asv002303,BS131,BS131,100.000,41,0,0,375,415,622,662
asv002303,BS118,BS118,100.000,41,0,0,375,415,619,659
asv002303,AL038,AL038,100.000,41,0,0,375,415,585,625
asv002303,AL091,AL091,100.000,41,0,0,375,415,641,681
asv002303,AL090,AL090,100.000,41,0,0,375,415,641,681
asv002303,AL028,AL028,100.000,41,0,0,375,415,648,688
asv002303,BS146,BS146,100.000,41,0,0,375,415,647,687
asv002303,BL080,BL080,100.000,41,0,0,375,415,648,688
asv002303,BS134,BS134,100.000,41,0,0,375,415,648,688
asv002303,BR088,BR088,100.000,41,0,0,375,415,625,665
asv002303,BL052,BL052,100.000,41,0,0,375,415,621,661
asv002303,BL046,BL046,100.000,41,0,0,375,415,622,662
asv002303,AS096,AS096,100.000,41,0,0,375,415,648,688
asv002303,AS094,AS094,100.000,41,0,0,375,415,643,683
asv002303,AS132,AS132,100.000,41,0,0,375,415,626,666
asv002303,AS018,AS018,100.000,41,0,0,375,415,643,683
asv002303,AS144,AS144,100.000,41,0,0,375,415,645,685
asv002303,AS021,AS021,100.000,41,0,0,375,415,646,686
asv002303,AR110,AR110,100.000,41,0,0,375,415,622,662
asv002346,BR064,BR064,99.760,416,1,0,1,416,249,664
asv002346,AR016,AR016,99.760,416,1,0,1,416,199,614
asv002346,BR119,BR119,99.760,416,1,0,1,416,251,666
asv002346,BR095,BR095,99.760,416,1,0,1,416,260,675
asv002346,BR129,BR129,99.760,416,1,0,1,416,276,691
asv002346,BS161,BS161,99.760,416,1,0,1,416,273,688
asv002346,BS083,BS083,99.760,416,1,0,1,416,260,675
asv002346,BR106,BR106,99.760,416,1,0,1,416,200,615
asv002346,BR100,BR100,99.760,416,1,0,1,416,250,665
asv002388,BS113,BS113,100.000,416,0,0,1,416,273,688
asv002388,BR136,BR136,100.000,416,0,0,1,416,249,664
asv002448,AR063,AR063,99.756,409,1,0,1,409,242,650
asv002464,BS027,BS027,99.758,414,1,0,1,414,247,660
asv002464,BS229,BS229,99.758,414,1,0,1,414,249,662
asv002464,BR012,BR012,99.758,414,1,0,1,414,250,663
asv002464,BR046,BR046,99.758,414,1,0,1,414,248,661
asv002464,AR203b,AR203b,99.758,414,1,0,1,414,249,662
asv002488,BS148,BS148,99.763,422,1,0,1,422,277,698
asv002506,BS237,BS237,99.760,417,1,0,1,417,275,691
asv002508,AL038,AL038,100.000,41,0,0,375,415,585,625
asv002508,AR110,AR110,100.000,41,0,0,375,415,622,662
asv002524,AS027,AS027,99.758,413,1,0,1,413,275,687
asv002524,AS180,AS180,99.758,413,1,0,1,413,274,686
asv002524,AR032,AR032,99.758,413,1,0,1,413,273,685
asv002524,AS080,AS080,99.758,413,1,0,1,413,273,685
asv002573,AS027,AS027,100.000,413,0,0,1,413,275,687
asv002573,AS180,AS180,100.000,413,0,0,1,413,274,686
asv002573,AR032,AR032,100.000,413,0,0,1,413,273,685
asv002573,AS080,AS080,100.000,413,0,0,1,413,273,685
asv002573,AS024,AS024,99.758,413,1,0,1,413,272,684
asv002573,AR076,AR076,99.758,413,1,0,1,413,275,687
asv002573,BR034,BR034,99.758,413,1,0,1,413,249,661
asv002573,AR144,AR144,99.758,413,1,0,1,413,271,683
asv002573,BS038,BS038,99.758,413,1,0,1,413,273,685
asv002573,BS037,BS037,99.758,413,1,0,1,413,273,685
asv002573,BS158,BS158,99.758,413,1,0,1,413,273,685
asv002573,AS182,AS182,99.758,413,1,0,1,413,273,685
asv002573,AS181,AS181,99.758,413,1,0,1,413,274,686
asv002573,BS061,BS061,99.758,413,1,0,1,413,272,684
asv002573,AS026,AS026,99.758,413,1,0,1,413,273,685
asv002573,AR190,AR190,99.758,413,1,0,1,413,250,662
asv002573,AR178,AR178,99.758,413,1,0,1,413,273,685
asv002573,AR176,AR176,99.758,413,1,0,1,413,247,659
asv002573,AR143,AR143,99.758,413,1,0,1,413,250,662
asv002615,BS157,BS157,100.000,412,0,0,1,412,259,670
asv002619,AS092,AS092,99.760,416,1,0,1,416,252,667
asv002619,AS057,AS057,99.760,416,1,0,1,416,252,667
asv002627,BS113,BS113,99.760,416,1,0,1,416,273,688
asv002627,BR136,BR136,99.760,416,1,0,1,416,249,664
asv002700,BR058,BR058,99.759,415,1,0,1,415,271,685
asv002748,AL028,AL028,100.000,414,0,0,1,414,275,688
asv002756,BS157,BS157,99.757,412,1,0,1,412,259,670
asv002773,BR121,BR121,99.760,416,1,0,1,416,249,664
asv002773,AR021,AR021,99.760,416,1,0,1,416,259,674
asv002793,AR073,AR073,99.759,415,1,0,1,415,253,667
asv002793,AR089,AR089,99.759,415,1,0,1,415,268,682
asv002793,AR024,AR024,99.759,415,1,0,1,415,250,664
asv002793,AR202,AR202,99.759,415,1,0,1,415,233,647
asv002849,AS092,AS092,100.000,416,0,0,1,416,252,667
asv002849,AS057,AS057,100.000,416,0,0,1,416,252,667
asv002861,AL028,AL028,99.758,414,1,0,1,414,275,688
asv002930,BL047b,BL047b,100.000,37,0,0,374,410,626,662
asv002930,BL047c,BL047c,100.000,37,0,0,374,410,636,672
asv002982,BS172,BS172,100.000,415,0,0,1,415,247,661
asv003008,AR073,AR073,100.000,415,0,0,1,415,253,667
asv003008,AR089,AR089,100.000,415,0,0,1,415,268,682
asv003008,AR024,AR024,100.000,415,0,0,1,415,250,664
asv003008,AR202,AR202,100.000,415,0,0,1,415,233,647
asv003008,AR122,AR122,99.759,415,1,0,1,415,244,658
asv003045,BS141,BS141,100.000,417,0,0,1,417,261,677
asv003118,BS141,BS141,99.760,417,1,0,1,417,261,677
asv003126,AS109,AS109,99.758,414,1,0,1,414,254,667
asv003204,AL039,AL039,100.000,417,0,0,1,417,268,684
asv003204,AL034,AL034,100.000,417,0,0,1,417,244,660
asv003204,AR061,AR061,100.000,417,0,0,1,417,270,686
asv003262,BR050,BR050,99.756,409,1,0,1,409,252,660
asv003262,BR049,BR049,99.756,409,1,0,1,409,253,661
asv003262,BS123,BS123,99.756,409,1,0,1,409,273,681
asv003262,BR156,BR156,99.756,409,1,0,1,409,270,678
asv003262,AR118,AR118,99.756,409,1,0,1,409,272,680
asv003269,BL047b,BL047b,100.000,414,0,0,1,414,249,662
asv003269,BL047c,BL047c,100.000,414,0,0,1,414,259,672
asv003293,AL039,AL039,99.760,417,1,0,1,417,268,684
asv003293,AL034,AL034,99.760,417,1,0,1,417,244,660
asv003293,AR061,AR061,99.760,417,1,0,1,417,270,686
asv003333,BR050,BR050,100.000,409,0,0,1,409,252,660
asv003333,BR049,BR049,100.000,409,0,0,1,409,253,661
asv003333,BS123,BS123,100.000,409,0,0,1,409,273,681
asv003333,BR156,BR156,100.000,409,0,0,1,409,270,678
asv003333,AR118,AR118,100.000,409,0,0,1,409,272,680
asv003445,BL047b,BL047b,99.758,414,1,0,1,414,249,662
asv003445,BL047c,BL047c,99.758,414,1,0,1,414,259,672
asv003496,BS080,BS080,99.760,416,1,0,1,416,252,667
asv003603,AR149,AR149,100.000,416,0,0,1,416,271,686
asv003603,BS239,BS239,99.760,416,1,0,1,416,248,663
asv003603,AL025,AL025,99.760,416,1,0,1,416,276,691
asv003603,AL010,AL010,99.760,416,1,0,1,416,276,691
asv003603,AL040,AL040,99.760,416,1,0,1,416,272,687
asv003603,BS140,BS140,99.760,416,1,0,1,416,248,663
asv003603,BR077,BR077,99.760,416,1,0,1,416,254,669
asv003603,AR117,AR117,99.760,416,1,0,1,416,271,686
asv003607,BS233,BS233,99.759,415,1,0,1,415,249,663
asv003607,BS228,BS228,99.759,415,1,0,1,415,251,665
asv003607,AS127,AS127,99.759,415,1,0,1,415,246,660
asv003607,AS107,AS107,99.759,415,1,0,1,415,261,675
asv003607,BR162,BR162,99.759,415,1,0,1,415,254,668
asv003625,AS049,AS049,99.759,415,1,0,1,415,260,674
asv003647,BS080,BS080,100.000,416,0,0,1,416,252,667
asv003647,BR071,BR071,99.760,416,1,0,1,416,250,665
asv003647,BS124,BS124,99.760,416,1,0,1,416,257,672
asv003681,BS219c,BS219c,99.762,421,1,0,1,421,251,671
asv003681,BS219b,BS219b,99.762,421,1,0,1,421,251,671
asv003681,BS129b,BS129b,99.762,421,1,0,1,421,276,696
asv003703,BS172,BS172,99.759,415,1,0,1,415,247,661
asv003790,BS170,BS170,99.760,417,1,0,1,417,206,622
asv003833,AR149,AR149,99.760,416,1,0,1,416,271,686
asv003861,AS088,AS088,100.000,42,0,0,1,42,252,293
asv003945,BS092,BS092,99.759,415,1,0,1,415,250,664
asv004092,BL047b,BL047b,100.000,37,0,0,374,410,626,662
asv004092,BL047c,BL047c,100.000,37,0,0,374,410,636,672
asv004156,AS028,AS028,99.758,414,1,0,1,414,275,688
asv004400,AR075,AR075,99.759,415,1,0,1,415,254,668
asv004409,AS088,AS088,100.000,42,0,0,1,42,252,293
asv004615,AR063,AR063,99.756,409,1,0,1,409,242,650
asv004651,AS061,AS061,99.760,417,1,0,1,417,263,679
asv004651,AR056,AR056,99.760,417,1,0,1,417,274,690
asv004651,BR052,BR052,99.760,417,1,0,1,417,246,662
asv004651,AR135,AR135,99.760,417,1,0,1,417,250,666
asv004665,BS138,BS138,100.000,417,0,0,1,417,213,629
asv004743,BS230,BS230,99.760,416,1,0,1,416,250,665
asv004743,AS052,AS052,99.760,416,1,0,1,416,249,664
asv004823,BS135,BS135,99.760,416,1,0,1,416,201,616
asv004952,AS058,AS058,100.000,41,0,0,367,407,589,629
asv004952,AL039,AL039,100.000,41,0,0,367,407,644,684
asv004952,AL034,AL034,100.000,41,0,0,367,407,620,660
asv004952,BS138,BS138,100.000,41,0,0,367,407,589,629
asv004952,BL071,BL071,100.000,41,0,0,367,407,623,663
asv004952,BL067,BL067,100.000,41,0,0,367,407,622,662
asv004952,BR153,BR153,100.000,41,0,0,367,407,625,665
asv004952,BR150,BR150,100.000,41,0,0,367,407,624,664
asv004952,BR126,BR126,100.000,41,0,0,367,407,625,665
asv004952,AS064,AS064,100.000,41,0,0,367,407,623,663
asv004952,AS054,AS054,100.000,41,0,0,367,407,625,665
asv004952,AR083,AR083,100.000,41,0,0,367,407,626,666
asv004952,AR061,AR061,100.000,41,0,0,367,407,646,686
asv004952,AL064,AL064,100.000,41,0,0,367,407,648,688
asv004952,AS070,AS070,100.000,41,0,0,367,407,625,665
asv004952,AR116,AR116,100.000,41,0,0,367,407,619,659
asv004952,AR081,AR081,100.000,41,0,0,367,407,626,666
asv004952,AR077,AR077,100.000,41,0,0,367,407,625,665
asv005080,BS137b,BS137b,99.763,422,1,0,1,422,251,672
asv005080,AS145,AS145,99.763,422,1,0,1,422,251,672
asv005080,AS140A,AS140A,99.763,422,1,0,1,422,252,673
asv005080,BS136,BS136,99.763,422,1,0,1,422,283,704
asv005080,AS143,AS143,99.763,422,1,0,1,422,277,698
asv005080,AS142,AS142,99.763,422,1,0,1,422,269,690
asv005080,AS141,AS141,99.763,422,1,0,1,422,280,701
asv005080,AS139a,AS139a,99.763,422,1,0,1,422,263,684
asv005080,AR034,AR034,99.763,422,1,0,1,422,276,697
asv005080,BS218,BS218,99.763,422,1,0,1,422,254,675
asv005080,BS137a,BS137a,99.763,422,1,0,1,422,275,696
asv005080,BS140b,BS140b,99.763,422,1,0,1,422,273,694
asv005080,AS140b,AS140b,99.763,422,1,0,1,422,251,672
asv005121,BR121,BR121,99.760,416,1,0,1,416,249,664
asv005121,AR021,AR021,99.760,416,1,0,1,416,259,674
asv005138,AL038,AL038,100.000,41,0,0,375,415,585,625
asv005138,AR110,AR110,100.000,41,0,0,375,415,622,662
asv005149,AS058,AS058,100.000,417,0,0,1,417,213,629
asv005149,BL071,BL071,100.000,417,0,0,1,417,247,663
asv005149,BL067,BL067,100.000,417,0,0,1,417,246,662
asv005149,BR153,BR153,100.000,417,0,0,1,417,249,665
asv005149,BR150,BR150,100.000,417,0,0,1,417,248,664
asv005149,BR126,BR126,100.000,417,0,0,1,417,249,665
asv005149,AS064,AS064,100.000,417,0,0,1,417,247,663
asv005149,AS054,AS054,100.000,417,0,0,1,417,249,665
asv005149,AR083,AR083,100.000,417,0,0,1,417,250,666
asv005149,AL064,AL064,100.000,417,0,0,1,417,272,688
asv005149,AS070,AS070,100.000,417,0,0,1,417,249,665
asv005149,AR116,AR116,100.000,417,0,0,1,417,243,659
asv005149,AR081,AR081,100.000,417,0,0,1,417,250,666
asv005149,AR077,AR077,100.000,417,0,0,1,417,249,665
asv005242,AS060,AS060,99.756,409,1,0,1,409,270,678
asv005242,AS087,AS087,99.756,409,1,0,1,409,272,680
asv005332,AR068,AR068,99.758,414,1,0,1,414,246,659
asv005332,AR093,AR093,99.758,414,1,0,1,414,246,659
asv005380,AS058,AS058,99.760,417,1,0,1,417,213,629
asv005380,BL071,BL071,99.760,417,1,0,1,417,247,663
asv005380,BL067,BL067,99.760,417,1,0,1,417,246,662
asv005380,BR153,BR153,99.760,417,1,0,1,417,249,665
asv005380,BR150,BR150,99.760,417,1,0,1,417,248,664
asv005380,BR126,BR126,99.760,417,1,0,1,417,249,665
asv005380,AS064,AS064,99.760,417,1,0,1,417,247,663
asv005380,AS054,AS054,99.760,417,1,0,1,417,249,665
asv005380,AR083,AR083,99.760,417,1,0,1,417,250,666
asv005380,AL064,AL064,99.760,417,1,0,1,417,272,688
asv005380,AS070,AS070,99.760,417,1,0,1,417,249,665
asv005380,AR116,AR116,99.760,417,1,0,1,417,243,659
asv005380,AR081,AR081,99.760,417,1,0,1,417,250,666
asv005380,AR077,AR077,99.760,417,1,0,1,417,249,665
asv005463,BS138,BS138,99.760,417,1,0,1,417,213,629
asv005578,BS172,BS172,100.000,41,0,0,382,422,621,661
asv005979,AR079,AR079,100.000,414,0,0,1,414,248,661
asv005979,AR078,AR078,100.000,414,0,0,1,414,253,666
asv005979,AR068,AR068,99.758,414,1,0,1,414,246,659
asv005979,AR093,AR093,99.758,414,1,0,1,414,246,659
asv006178,AR022,AR022,99.760,416,1,0,1,416,246,661
asv006178,AL013,AL013,99.760,416,1,0,1,416,282,697
asv006388,AR079,AR079,99.758,414,1,0,1,414,248,661
asv006388,AR078,AR078,99.758,414,1,0,1,414,253,666
asv007393,BR127,BR127,99.760,416,1,0,1,416,258,673
asv007669,BR127,BR127,100.000,416,0,0,1,416,258,673
asv007672,BL047b,BL047b,100.000,37,0,0,374,410,626,662
asv007672,BL047c,BL047c,100.000,37,0,0,374,410,636,672
asv008205,AL038,AL038,100.000,41,0,0,375,415,585,625
asv008205,AR110,AR110,100.000,41,0,0,375,415,622,662
asv008803,BS107,BS107,99.760,416,1,0,1,416,252,667
asv011238,AL038,AL038,100.000,41,0,0,375,415,585,625
asv011238,AR110,AR110,100.000,41,0,0,375,415,622,662
asv011677,BL047b,BL047b,100.000,37,0,0,374,410,626,662
asv011677,BL047c,BL047c,100.000,37,0,0,374,410,636,672
